-- Insertion Data for Customer Table
INSERT INTO Customer (Customer_ID, Joining_date) VALUES
(10001, '2002-07-15'),
(10002, '2018-04-28'),
(10003, '2011-09-03'),
(10004, '2005-11-20'),
(10005, '2014-10-09'),
(10006, '2019-06-02'),
(10007, '2010-02-14'),
(10008, '2008-08-30'),
(10009, '2016-05-17'),
(10010, '2006-12-25'),
(10011, '2003-03-11'),
(10012, '2015-01-05'),
(10013, '2009-09-21'),
(10014, '2012-07-08'),
(10015, '2022-11-18'),
(10016, '2001-06-30'),
(10017, '2007-04-12'),
(10018, '2013-08-26'),
(10019, '2020-09-07'),
(10020, '2004-01-23'),
(10021, '2017-12-14'),
(10022, '2000-05-31'),
(10023, '2021-03-19'),
(10024, '2002-10-08'),
(10025, '2018-07-22'),
(10026, '2011-12-05'),
(10027, '2005-02-17'),
(10028, '2014-04-10'),
(10029, '2019-10-23'),
(10030, '2010-08-09'),
(10031, '2008-03-28'),
(10032, '2016-01-14'),
(10033, '2007-06-01'),
(10034, '2003-09-16'),
(10035, '2015-11-02'),
(10036, '2009-04-26'),
(10037, '2012-02-07'),
(10038, '2022-04-03'),
(10039, '2001-09-13'),
(10040, '2006-11-27'),
(10041, '2013-05-05'),
(10042, '2020-08-19'),
(10043, '2004-02-29'),
(10044, '2017-10-12'),
(10045, '2000-07-26'),
(10046, '2021-01-09'),
(10047, '2002-04-21'),
(10048, '2018-03-03'),
(10049, '2011-06-17'),
(10050, '2005-09-30'),
(10051, '2014-12-13'),
(10052, '2019-08-26'),
(10053, '2010-05-11'),
(10054, '2008-01-24'),
(10055, '2016-03-10'),
(10056, '2007-10-25'),
(10057, '2003-01-06'),
(10058, '2015-04-20'),
(10059, '2009-07-04'),
(10060, '2012-09-15'),
(10061, '2022-02-02'),
(10062, '2001-11-14'),
(10063, '2006-02-28'),
(10064, '2013-10-08'),
(10065, '2020-12-22'),
(10066, '2004-06-06'),
(10067, '2017-09-17'),
(10068, '2000-04-02'),
(10069, '2021-06-24'),
(10070, '2002-01-11'),
(10071, '2018-02-03'),
(10072, '2011-05-19'),
(10073, '2005-08-31'),
(10074, '2014-11-14'),
(10075, '2019-07-27'),
(10076, '2010-04-10'),
(10077, '2008-10-23'),
(10078, '2016-02-07'),
(10079, '2007-11-20'),
(10080, '2003-02-02'),
(10081, '2015-05-18'),
(10082, '2009-08-02'),
(10083, '2012-10-13'),
(10084, '2022-03-04'),
(10085, '2001-12-18'),
(10086, '2006-04-03'),
(10087, '2013-11-19'),
(10088, '2021-01-03'),
(10089, '2004-05-17'),
(10090, '2017-08-29'),
(10091, '2000-03-13'),
(10092, '2018-01-26'),
(10093, '2011-04-12'),
(10094, '2005-07-24'),
(10095, '2014-10-06'),
(10096, '2019-07-20'),
(10097, '2010-04-03'),
(10098, '2008-10-16'),
(10099, '2016-02-29'),
(10100, '2007-12-13');



-- Insertion Data for Customer_Details Table
INSERT INTO Customer_Details (Customer_ID, Fname, Mname, Lname, DoB, Gender, Phone_No, Email, street, city, "state") VALUES
(10001, 'Aarav', 'Jayesh', 'Patel', '1990-05-15', 'Male', '9876543210', 'aarav.patel@gmail.com', 'Sardar Patel Stadium Road', 'Ahmedabad', 'Gujarat'),
(10002, 'Diya', 'Nitin', 'Shah', '1988-03-28', 'Female', '8765432109', 'diya.shah@gmail.com', 'Ashram Road', 'Ahmedabad', 'Gujarat'),
(10003, 'Arjun', 'Rajesh', 'Desai', '1992-09-03', 'Male', '7654321098', 'arjun.desai@gmail.com', 'C.G. Road', 'Ahmedabad', 'Gujarat'),
(10004, 'Aanya', 'Ankit', 'Mehta', '1995-11-20', 'Female', '6543210987', 'aanya.mehta@gmail.com', 'S.G. Highway', 'Ahmedabad', 'Gujarat'),
(10005, 'Dev', 'Mukesh', 'Dave', '1987-10-09', 'Male', '5432109876', 'dev.dave@gmail.com', 'Maninagar', 'Ahmedabad', 'Gujarat'),
(10006, 'Krisha', 'Dhaval', 'Thakkar', '1998-06-02', 'Female', '4321098765', 'krisha.thakkar@gmail.com', 'Bopal Road', 'Ahmedabad', 'Gujarat'),
(10007, 'Aryan', 'Rajendra', 'Joshi', '1994-02-14', 'Male', '3210987654', 'aryan.joshi@gmail.com', 'Vastrapur Lake Road', 'Ahmedabad', 'Gujarat'),
(10008, 'Avni', 'Kamlesh', 'Trivedi', '1985-08-30', 'Female', '2109876543', 'avni.trivedi@gmail.com', 'Satellite Road', 'Ahmedabad', 'Gujarat'),
(10009, 'Kabir', 'Parth', 'Chauhan', '1997-05-17', 'Male', '1098765432', 'kabir.chauhan@gmail.com', 'Prahlad Nagar Road', 'Ahmedabad', 'Gujarat'),
(10010, 'Saumya', 'Nilesh', 'Sharma', '1986-12-25', 'Female', '9276543210', 'saumya.sharma@gmail.com', 'Chandkheda Road', 'Ahmedabad', 'Gujarat'),
(10011, 'Ahaan', 'Hitesh', 'Gupta', '1993-03-11', 'Male', '1765432109', 'ahaan.gupta@gmail.com', 'Ghatlodia Road', 'Ahmedabad', 'Gujarat'),
(10012, 'Anvi', 'Jay', 'Pandya', '1996-01-05', 'Female', '8654321091', 'anvi.pandya@gmail.com', 'Naranpura Road', 'Ahmedabad', 'Gujarat'),
(10013, 'Reyansh', 'Ritesh', 'Shah', '1989-09-21', 'Male', '7543210987', 'reyansh.shah@gmail.com', 'Jivraj Park Road', 'Ahmedabad', 'Gujarat'),
(10014, 'Myra', 'Manan', 'Patel', '1991-07-08', 'Female', '6432109876', 'myra.patel@gmail.com', 'Paldi Road', 'Ahmedabad', 'Gujarat'),
(10015, 'Ria', 'Dipen', 'Trivedi', '1990-11-18', 'Female', '5321098765', 'ria.trivedi@gmail.com', 'Memnagar Road', 'Ahmedabad', 'Gujarat'),
(10016, 'Vihaan', 'Dhruv', 'Shah', '1988-06-30', 'Male', '4210987654', 'vihaan.shah@gmail.com', 'Ambawadi Road', 'Ahmedabad', 'Gujarat'),
(10017, 'Aarna', 'Darshan', 'Mehta', '1995-04-12', 'Female', '3109876543', 'aarna.mehta@gmail.com', 'Navrangpura Road', 'Ahmedabad', 'Gujarat'),
(10018, 'Jayesh', 'Aarav', 'Patel', '1991-05-15', 'Male', '9876533210', 'jayesh.patel@gmail.com', 'N.M. Stadium Road', 'Ahmedabad', 'Gujarat'),
(10019, 'Priya', 'Mahesh', 'Shah', '1989-03-28', 'Female', '8165432109', 'priya.shah@gmail.com', 'SBR', 'Ahmedabad', 'Gujarat'),
(10020, 'Rajesh', 'Arjun', 'Desai', '1993-09-03', 'Male', '9654321098', 'rajesh.desai@gmail.com', 'C.G. Road', 'Ahmedabad', 'Gujarat'),
(10021, 'Sanya', 'Ramesh', 'Mehta', '1996-11-20', 'Female', '8543210987', 'sanya.mehta@gmail.com', 'S.G. Highway', 'Ahmedabad', 'Gujarat'),
(10022, 'Mukesh', 'Dev', 'Dave', '1988-10-09', 'Male', '7432109876', 'mukesh.dave@gmail.com', 'Maninagar', 'Ahmedabad', 'Gujarat'),
(10023, 'Dhaval', 'Paresh', 'Thakkar', '1999-06-02', 'Male', '6321098765', 'dhaval.thakkar@gmail.com', 'Bopal Road', 'Ahmedabad', 'Gujarat'),
(10024, 'Rajendra', 'Aryan', 'Joshi', '1995-02-14', 'Male', '5210987654', 'rajendra.joshi@gmail.com', 'Vastrapur Lake Road', 'Ahmedabad', 'Gujarat'),
(10025, 'Krishna', 'Manish', 'Trivedi', '1986-08-30', 'Female', '4109876543', 'krishna.trivedi@gmail.com', 'Satellite Road', 'Ahmedabad', 'Gujarat'),
(10026, 'Parth', 'Kabir', 'Chauhan', '1998-05-17', 'Male', '2098765432', 'parth.chauhan@gmail.com', 'Prahlad Nagar Road', 'Ahmedabad', 'Gujarat'),
(10027, 'Seema', 'Saurabh', 'Sharma', '1987-12-25', 'Female', '9876513210', 'seema.sharma@gmail.com', 'Chandkheda Road', 'Ahmedabad', 'Gujarat'),
(10028, 'Hitesh', 'Ahaan', 'Gupta', '1994-03-11', 'Male', '8168432109', 'hitesh.gupta@gmail.com', 'Ghatlodia Road', 'Ahmedabad', 'Gujarat'),
(10029, 'Shruti', 'Kishor', 'Pandya', '1997-01-05', 'Female', '6654321098', 'shruti.pandya@gmail.com', 'Naranpura Road', 'Ahmedabad', 'Gujarat'),
(10030, 'Ritesh', 'Reyansh', 'Shah', '1990-09-21', 'Male', '9543210987', 'ritesh.shah@gmail.com', 'Jivraj Park Road', 'Ahmedabad', 'Gujarat'),
(10031, 'Manya', 'Jatin', 'Patel', '1992-07-08', 'Female', '8432109876', 'manya.patel@gmail.com', 'Paldi Road', 'Ahmedabad', 'Gujarat'),
(10032, 'Daya', 'Rakesh', 'Trivedi', '1978-11-18', 'Female', '7321098765', 'daya.trivedi@gmail.com', 'Memnagar Road', 'Ahmedabad', 'Gujarat'),
(10033, 'Dhruv', 'Vihaan', 'Shah', '1989-06-30', 'Male', '6210987654', 'dhruv.shah@gmail.com', 'Ambawadi Road', 'Ahmedabad', 'Gujarat'),
(10034, 'Arnavi', 'Anil', 'Mehta', '1996-04-12', 'Female', '5109876543', 'arnavi.mehta@gmail.com', 'Navrangpura Road', 'Ahmedabad', 'Gujarat'),
(10035, 'Rudra', 'Viren', 'Patel', '1983-08-26', 'Male', '3098765432', 'rudra.patel@gmail.com', 'Vesu Road', 'Surat', 'Gujarat'),
(10036, 'Ananya', 'Karan', 'Shah', '1992-09-07', 'Female', '8876543210', 'ananya.shah@gmail.com', 'Ghod Dod Road', 'Surat', 'Gujarat'),
(10037, 'Aarav', 'Vishal', 'Mehta', '1998-01-23', 'Male', '8715432109', 'aarav.mehta@gmail.com', 'Adajan Road', 'Surat', 'Gujarat'),
(10038, 'Aanya', 'Hemal', 'Patel', '1990-12-14', 'Female', '5654321098', 'aanya.patel@gmail.com', 'Varachha Road', 'Surat', 'Gujarat'),
(10039, 'Advik', 'Uday', 'Shah', '1987-05-31', 'Male', '6643210987', 'advik.shah@gmail.com', 'Katargam Road', 'Surat', 'Gujarat'),
(10040, 'Saanvi', 'Rishi', 'Trivedi', '1996-03-19', 'Female', '9432109876', 'saanvi.trivedi@gmail.com', 'Athwa Lines Road', 'Surat', 'Gujarat'),
(10041, 'Arnav', 'Nirav', 'Patel', '1984-10-08', 'Male', '8321098765', 'arnav.patel@gmail.com', 'Ring Road', 'Surat', 'Gujarat'),
(10042, 'Anaya', 'Parth', 'Shah', '1991-07-22', 'Female', '7210987654', 'anaya.shah@gmail.com', 'City Light Road', 'Surat', 'Gujarat'),
(10043, 'Reyansh', 'Mihir', 'Trivedi', '1998-12-05', 'Male', '6109876543', 'reyansh.trivedi@gmail.com', 'Pandesara Road', 'Surat', 'Gujarat'),
(10044, 'Ishaan', 'Kartik', 'Patel', '1986-02-17', 'Male', '4098765432', 'ishaan.patel@gmail.com', 'Varachha Road', 'Surat', 'Gujarat'),
(10045, 'Hritik', 'Dhruv', 'Mehta', '1988-04-10', 'Male', '9176543210', 'hritik.mehta@gmail.com', 'Vesu Road', 'Surat', 'Gujarat'),
(10046, 'Avni', 'Rohan', 'Shah', '1988-10-23', 'Female', '8761432109', 'avni.shah@gmail.com', 'Pal Road', 'Surat', 'Gujarat'),
(10047, 'Shaurya', 'Rishi', 'Patel', '1995-08-09', 'Male', '5654321898', 'shaurya.patel@gmail.com', 'Parle Point Road', 'Surat', 'Gujarat'),
(10048, 'Anika', 'Veer', 'Trivedi', '1993-03-28', 'Female', '6743210987', 'anika.trivedi@gmail.com', 'Mota Varachha Road', 'Surat', 'Gujarat'),
(10049, 'Aarush', 'Yash', 'Mehta', '1996-01-14', 'Male', '6732109876', 'aarush.mehta@gmail.com', 'Bhatar Road', 'Surat', 'Gujarat'),
(10050, 'Amaira', 'Nayan', 'Shah', '1989-06-01', 'Female', '9321098765', 'amaira.shah@gmail.com', 'Ved Road', 'Surat', 'Gujarat'),
(10051, 'Advait', 'Parth', 'Patel', '1997-09-16', 'Male', '8210987654', 'advait.patel@gmail.com', 'Varchha Main Road', 'Surat', 'Gujarat'),
(10052, 'Anvi', 'Naman', 'Trivedi', '1983-11-02', 'Female', '7109876543', 'anvi.trivedi@gmail.com', 'Navsari Bazaar Road', 'Surat', 'Gujarat'),
(10053, 'Kabir', 'Vivan', 'Shah', '1991-04-26', 'Male', '5098765432', 'kabir.shah@gmail.com', 'Navagam Road', 'Surat', 'Gujarat'),
(10054, 'Viren', 'Rudra', 'Patel', '1984-08-26', 'Male', '6098765432', 'viren.patel@gmail.com', 'Vesu Road', 'Surat', 'Gujarat'),
(10055, 'Neha', 'Kashyap', 'Shah', '1993-09-07', 'Female', '9876543212', 'neha.shah@gmail.com', 'Ghod Dod Road', 'Surat', 'Gujarat'),
(10056, 'Vishal', 'Aarav', 'Mehta', '1999-01-23', 'Male', '8765412109', 'vishal.mehta@gmail.com', 'Adajan Road', 'Surat', 'Gujarat'),
(10057, 'Anaya', 'Nirav', 'Mehta', '1994-02-07', 'Female', '9874543210', 'anaya.mehta@gmail.com', 'Ved Road', 'Rajkot', 'Gujarat'),
(10058, 'Veer', 'Raj', 'Patel', '1998-04-03', 'Male', '8765431109', 'veer.patel@gmail.com', 'Kalawad Road', 'Rajkot', 'Gujarat'),
(10059, 'Avni', 'Mihir', 'Shah', '1990-09-13', 'Female', '6854321098', 'avni.shah@gmail.com', 'Jagnath Plot Road', 'Rajkot', 'Gujarat'),
(10060, 'Arjun', 'Aarav', 'Trivedi', '1995-11-27', 'Male', '6583210987', 'arjun.trivedi@gmail.com', 'Yagnik Road', 'Rajkot', 'Gujarat'),
(10061, 'Aarohi', 'Dev', 'Patel', '1992-05-05', 'Female', '5832109876', 'aarohi.patel@gmail.com', 'Kuvadva Road', 'Rajkot', 'Gujarat'),
(10062, 'Reyansh', 'Aarav', 'Mehta', '1998-08-19', 'Male', '4421098765', 'reyansh.mehta@gmail.com', 'Bhakti Nagar Road', 'Rajkot', 'Gujarat'),
(10063, 'Ishani', 'Aarav', 'Shah', '1989-02-28', 'Female', '9210987654', 'ishani.shah@gmail.com', 'Gondal Road', 'Rajkot', 'Gujarat'),
(10064, 'Advait', 'Arnav', 'Patel', '1994-10-12', 'Male', '8109876543', 'advait.patel@gmail.com', 'Mavdi Main Road', 'Rajkot', 'Gujarat'),
(10065, 'Anvi', 'Aryan', 'Shah', '1985-07-26', 'Female', '7098765432', 'anvi.shah@gmail.com', 'Sadar Road', 'Rajkot', 'Gujarat'),
(10066, 'Vivaan', 'Parth', 'Trivedi', '1997-01-09', 'Male', '9876543010', 'vivaan.trivedi@gmail.com', 'Amin Marg Road', 'Rajkot', 'Gujarat'),
(10067, 'Aarav', 'Nirav', 'Patel', '1988-04-21', 'Male', '8765432209', 'aarav.patel@gmail.com', 'Limda Chowk Road', 'Rajkot', 'Gujarat'),
(10068, 'Ananya', 'Vivan', 'Mehta', '1990-03-03', 'Female', '7664321098', 'ananya.mehta@gmail.com', 'Race Course Road', 'Rajkot', 'Gujarat'),
(10069, 'Ahaan', 'Parth', 'Shah', '1996-09-14', 'Male', '6573210987', 'ahaan.shah@gmail.com', 'Shastri Nagar Road', 'Rajkot', 'Gujarat'),
(10070, 'Anaya', 'Parth', 'Patel', '1983-09-30', 'Female', '5932109876', 'anaya.patel@gmail.com', 'Nana Mava Road', 'Rajkot', 'Gujarat'),
(10071, 'Aarohi', 'Rishi', 'Shah', '1991-12-13', 'Female', '4521098765', 'aarohi.shah@gmail.com', 'Raiya Road', 'Rajkot', 'Gujarat'),
(10072, 'Veer', 'Dhruv', 'Mehta', '1998-08-26', 'Male', '3310987654', 'veer.mehta@gmail.com', 'University Road', 'Rajkot', 'Gujarat'),
(10073, 'Avni', 'Vivan', 'Shah', '1986-05-11', 'Female', '9109876543', 'avni.shah@gmail.com', 'Gondal Road', 'Rajkot', 'Gujarat'),
(10074, 'Aarya', 'Nirav', 'Patel', '1995-01-24', 'Male', '8098765432', 'aarya.patel@gmail.com', 'Bhupendra Road', 'Rajkot', 'Gujarat'),
(10075, 'Anika', 'Dhairya', 'Shah', '1985-03-10', 'Female', '9076543210', 'anika.shah@gmail.com', 'Jubilee Chowk Road', 'Rajkot', 'Gujarat'),
(10076, 'Riya', 'Yash', 'Mehta', '1987-10-25', 'Female', '8765432119', 'riya.mehta@gmail.com', 'Kotharia Road', 'Rajkot', 'Gujarat'),
(10077, 'Advik', 'Krish', 'Shah', '1992-01-06', 'Male', '7654391098', 'advik.shah@gmail.com', 'Jamnagar Road', 'Rajkot', 'Gujarat'),
(10078, 'Aadya', 'Dev', 'Patel', '1998-04-20', 'Female', '6546210987', 'aadya.patel@gmail.com', 'Gondal Road', 'Gandhinagar', 'Gujarat'),
(10079, 'Aarav', 'Parth', 'Shah', '1991-07-04', 'Male', '5442109876', 'aarav.shah@gmail.com', 'Kudasan Road', 'Gandhinagar', 'Gujarat'),
(10080, 'Anika', 'Vivaan', 'Patel', '1995-09-15', 'Female', '4361098765', 'anika.patel@gmail.com', 'Sector 21 Road', 'Gandhinagar', 'Gujarat'),
(10081, 'Aadya', 'Parth', 'Shah', '1998-02-02', 'Female', '3410987654', 'aadya.shah@gmail.com', 'Infocity Road', 'Gandhinagar', 'Gujarat'),
(10082, 'Arnav', 'Vivan', 'Patel', '1989-11-14', 'Male', '2409876543', 'arnav.patel@gmail.com', 'GIFT City Road', 'Gandhinagar', 'Gujarat'),
(10083, 'Aarohi', 'Arjun', 'Shah', '1996-02-28', 'Female', '9898765432', 'aarohi.shah@gmail.com', 'Koba Road', 'Gandhinagar', 'Gujarat'),
(10084, 'Anaya', 'Rohan', 'Patel', '1976-10-08', 'Female', '9875543210', 'anaya.patel@gmail.com', 'Infocity Road', 'Gandhinagar', 'Gujarat'),
(10085, 'Veer', 'Mihir', 'Shah', '1988-12-22', 'Male', '8765432108', 'veer.shah@gmail.com', 'Sector 29 Road', 'Gandhinagar', 'Gujarat'),
(10086, 'Avni', 'Dev', 'Patel', '1997-06-06', 'Female', '7654321008', 'avni.patel@gmail.com', 'Sector 26 Road', 'Gandhinagar', 'Gujarat'),
(10087, 'Aarna', 'Aarav', 'Shah', '1983-09-17', 'Female', '6543510987', 'aarna.shah@gmail.com', 'Sector 18 Road', 'Gandhinagar', 'Gujarat'),
(10088, 'Aahana', 'Rohan', 'Patel', '1990-04-02', 'Female', '5452109876', 'aahana.patel@gmail.com', 'Koba Road', 'Gandhinagar', 'Gujarat'),
(10089, 'Anvi', 'Aarav', 'Shah', '1998-06-24', 'Female', '4371098765', 'anvi.shah@gmail.com', 'Sector 29 Road', 'Gandhinagar', 'Gujarat'),
(10090, 'Aayansh', 'Dev', 'Patel', '1992-01-11', 'Male', '3510987654', 'aayansh.patel@gmail.com', 'GIFT City Road', 'Gandhinagar', 'Gujarat'),
(10091, 'Vihaan', 'Parth', 'Shah', '1988-02-03', 'Male', '2106876543', 'vihaan.shah@gmail.com', 'Sector 21 Road', 'Gandhinagar', 'Gujarat'),
(10092, 'Aarna', 'Mihir', 'Patel', '1993-05-19', 'Female', '9798765432', 'aarna.patel@gmail.com', 'Sector 26 Road', 'Gandhinagar', 'Gujarat'),
(10093, 'Arjun', 'Dev', 'Shah', '1987-08-31', 'Male', '9876543910', 'arjun.shah@gmail.com', 'Kudasan Road', 'Gandhinagar', 'Gujarat'),
(10094, 'Anika', 'Vivan', 'Patel', '1991-11-14', 'Female', '8769432109', 'anika.patel@gmail.com', 'Sector 18 Road', 'Gandhinagar', 'Gujarat'),
(10095, 'Aarav', 'Rohan', 'Shah', '1996-07-27', 'Male', '7654321099', 'aarav.shah@gmail.com', 'Sector 29 Road', 'Gandhinagar', 'Gujarat'),
(10096, 'Aarna', 'Dev', 'Patel', '1987-04-10', 'Female', '6543410987', 'aarna.patel@gmail.com', 'GIFT City Road', 'Gandhinagar', 'Gujarat'),
(10097, 'Aarohi', 'Mihir', 'Shah', '1988-10-23', 'Female', '5462109876', 'aarohi.shah@gmail.com', 'Sector 21 Road', 'Gandhinagar', 'Gujarat'),
(10098, 'Advik', 'Dev', 'Patel', '1995-02-07', 'Male', '4321898765', 'advik.patel@gmail.com', 'Sector 26 Road', 'Gandhinagar', 'Gujarat'),
(10099, 'Ananya', 'Rohan', 'Shah', '1983-11-20', 'Female', '3610987654', 'ananya.shah@gmail.com', 'Kudasan Road', 'Gandhinagar', 'Gujarat'),
(10100, 'Anvi', 'Dev', 'Patel', '1990-02-02', 'Female', '9109876563', 'anvi.patel@gmail.com', 'Sector 18 Road', 'Gandhinagar', 'Gujarat');



-- Insertion Data for Branch Table
INSERT INTO Branch (IFS_CODE, Branch_Name, branch_street, branch_city, branch_state) VALUES
('IFSC0010001', 'Ahmedabad Main', 'Ashram Road', 'Ahmedabad', 'Gujarat'),
('IFSC0010002', 'Ahmedabad North', 'C.G. Road', 'Ahmedabad', 'Gujarat'),
('IFSC0010003', 'Ahmedabad West', 'Satellite Road', 'Ahmedabad', 'Gujarat'),
('IFSC0010004', 'Ahmedabad South', 'Prahlad Nagar Road', 'Ahmedabad', 'Gujarat'),
('IFSC0010005', 'Surat Main', 'Ghod Dod Road', 'Surat', 'Gujarat'),
('IFSC0010006', 'Surat North', 'Adajan Road', 'Surat', 'Gujarat'),
('IFSC0010007', 'Surat East', 'Piplod Road', 'Surat', 'Gujarat'),
('IFSC0010008', 'Rajkot Main', 'Yagnik Road', 'Rajkot', 'Gujarat'),
('IFSC0010009', 'Rajkot North', 'Kalawad Road', 'Rajkot', 'Gujarat'),
('IFSC0010010', 'Rajkot East', 'Amin Marg', 'Rajkot', 'Gujarat'),
('IFSC0010011', 'Gandhinagar Main', 'Sector 16', 'Gandhinagar', 'Gujarat'),
('IFSC0010012', 'Gandhinagar West', 'Kudasan Road', 'Gandhinagar', 'Gujarat'),
('IFSC0010013', 'Gandhinagar East', 'Infocity Road', 'Gandhinagar', 'Gujarat');



-- Insertion Data for Branch_Contacts
INSERT INTO Branch_Contacts (IFS_CODE, Branch_Contact_No) VALUES
('IFSC0010001', '0876543219'),
('IFSC0010001', '9234567891'),
('IFSC0010002', '9765432108'),
('IFSC0010002', '1345678902'),
('IFSC0010003', '8654321097'),
('IFSC0010003', '2456789013'),
('IFSC0010004', '7543210986'),
('IFSC0010004', '3567890124'),
('IFSC0010005', '4532109876'),
('IFSC0010005', '4678901235'),
('IFSC0010006', '5321098764'),
('IFSC0010006', '7689012345'),
('IFSC0010007', '4210987653'),
('IFSC0010007', '8790123456'),
('IFSC0010008', '3109876542'),
('IFSC0010008', '8901234567'),
('IFSC0010009', '2109876549'),
('IFSC0010009', '8091234567'),
('IFSC0010010', '9765432109'),
('IFSC0010010', '1234567890'),
('IFSC0010011', '8654321098'),
('IFSC0010011', '2345678901'),
('IFSC0010012', '7543210996'),
('IFSC0010012', '3456789012'),
('IFSC0010013', '4532109878'),
('IFSC0010013', '4678901295');



-- Insertion Data for Account
INSERT INTO Account (Account_Number, IFS_CODE, Customer_ID, Account_Status) VALUES
(787901001, 'IFSC0010002', 10001, 'Active'),
(787901002, 'IFSC0010001', 10002, 'Active'),
(787901003, 'IFSC0010001', 10003, 'Active'),
(787901004, 'IFSC0010003', 10004, 'Active'),
(787901005, 'IFSC0010004', 10005, 'Active'),
(787901006, 'IFSC0010002', 10006, 'Active'),
(787901007, 'IFSC0010001', 10007, 'Active'),
(787901008, 'IFSC0010001', 10008, 'Active'),
(787901009, 'IFSC0010003', 10009, 'Active'),
(787901010, 'IFSC0010004', 10010, 'Active'),
(787901011, 'IFSC0010002', 10011, 'Active'),
(787901012, 'IFSC0010001', 10012, 'Inactive'),
(787901013, 'IFSC0010001', 10013, 'Active'),
(787901014, 'IFSC0010003', 10014, 'Active'),
(787901015, 'IFSC0010004', 10015, 'Inactive'),
(787901016, 'IFSC0010002', 10016, 'Active'),
(787901017, 'IFSC0010001', 10017, 'Active'),
(787901018, 'IFSC0010001', 10018, 'Active'),
(787901019, 'IFSC0010003', 10019, 'Blocked'),
(787901020, 'IFSC0010004', 10020, 'Active'),
(787901021, 'IFSC0010002', 10021, 'Active'),
(787901022, 'IFSC0010001', 10022, 'Active'),
(787901023, 'IFSC0010001', 10023, 'Active'),
(787901024, 'IFSC0010003', 10024, 'Active'),
(787901025, 'IFSC0010004', 10025, 'Active'),
(787901026, 'IFSC0010002', 10026, 'Active'),
(787901027, 'IFSC0010001', 10027, 'Active'),
(787901028, 'IFSC0010001', 10028, 'Inactive'),
(787901029, 'IFSC0010003', 10029, 'Active'),
(787901030, 'IFSC0010004', 10030, 'Active'),
(787901031, 'IFSC0010002', 10031, 'Active'),
(787901032, 'IFSC0010001', 10032, 'Active'),
(787901033, 'IFSC0010001', 10033, 'Frozen'),
(787901034, 'IFSC0010003', 10034, 'Active'),
(787901035, 'IFSC0010005', 10035, 'Blocked'),
(787901036, 'IFSC0010006', 10036, 'Active'),
(787901037, 'IFSC0010007', 10037, 'Active'),
(787901038, 'IFSC0010005', 10038, 'Inactive'),
(787901039, 'IFSC0010005', 10039, 'Active'),
(787901040, 'IFSC0010006', 10040, 'Active'),
(787901041, 'IFSC0010007', 10041, 'Active'),
(787901042, 'IFSC0010005', 10042, 'Active'),
(787901043, 'IFSC0010005', 10043, 'Active'),
(787901044, 'IFSC0010006', 10044, 'Active'),
(787901045, 'IFSC0010007', 10045, 'Inactive'),
(787901046, 'IFSC0010005', 10046, 'Active'),
(787901047, 'IFSC0010005', 10047, 'Frozen'),
(787901048, 'IFSC0010006', 10048, 'Active'),
(787901049, 'IFSC0010007', 10049, 'Active'),
(787901050, 'IFSC0010005', 10050, 'Active'),
(787901051, 'IFSC0010005', 10051, 'Active'),
(787901052, 'IFSC0010006', 10052, 'Active'),
(787901053, 'IFSC0010007', 10053, 'Blocked'),
(787901054, 'IFSC0010005', 10054, 'Active'),
(787901055, 'IFSC0010005', 10055, 'Active'),
(787901056, 'IFSC0010006', 10056, 'Active'),
(787901057, 'IFSC0010008', 10057, 'Active'),
(787901058, 'IFSC0010009', 10058, 'Active'),
(787901059, 'IFSC0010008', 10059, 'Active'),
(787901060, 'IFSC0010010', 10060, 'Frozen'),
(787901061, 'IFSC0010008', 10061, 'Active'),
(787901062, 'IFSC0010009', 10062, 'Blocked'),
(787901063, 'IFSC0010008', 10063, 'Active'),
(787901064, 'IFSC0010010', 10064, 'Active'),
(787901065, 'IFSC0010008', 10065, 'Active'),
(787901066, 'IFSC0010009', 10066, 'Active'),
(787901067, 'IFSC0010008', 10067, 'Active'),
(787901068, 'IFSC0010010', 10068, 'Active'),
(787901069, 'IFSC0010008', 10069, 'Frozen'),
(787901070, 'IFSC0010009', 10070, 'Active'),
(787901071, 'IFSC0010008', 10071, 'Active'),
(787901072, 'IFSC0010010', 10072, 'Active'),
(787901073, 'IFSC0010008', 10073, 'Frozen'),
(787901074, 'IFSC0010009', 10074, 'Active'),
(787901075, 'IFSC0010008', 10075, 'Blocked'),
(787901076, 'IFSC0010010', 10076, 'Active'),
(787901077, 'IFSC0010008', 10077, 'Active'),
(787901078, 'IFSC0010013', 10078, 'Active'),
(787901079, 'IFSC0010011', 10079, 'Active'),
(787901080, 'IFSC0010012', 10080, 'Active'),
(787901081, 'IFSC0010011', 10081, 'Active'),
(787901082, 'IFSC0010013', 10082, 'Active'),
(787901083, 'IFSC0010011', 10083, 'Inactive'),
(787901084, 'IFSC0010012', 10084, 'Frozen'),
(787901085, 'IFSC0010011', 10085, 'Active'),
(787901086, 'IFSC0010013', 10086, 'Inactive'),
(787901087, 'IFSC0010011', 10087, 'Active'),
(787901088, 'IFSC0010012', 10088, 'Active'),
(787901089, 'IFSC0010011', 10089, 'Active'),
(787901090, 'IFSC0010013', 10090, 'Active'),
(787901091, 'IFSC0010011', 10091, 'Inactive'),
(787901092, 'IFSC0010012', 10092, 'Active'),
(787901093, 'IFSC0010011', 10093, 'Active'),
(787901094, 'IFSC0010013', 10094, 'Active'),
(787901095, 'IFSC0010011', 10095, 'Active'),
(787901096, 'IFSC0010012', 10096, 'Active'),
(787901097, 'IFSC0010011', 10097, 'Blocked'),
(787901098, 'IFSC0010013', 10098, 'Active'),
(787901099, 'IFSC0010011', 10099, 'Inactive'),
(787901100, 'IFSC0010012', 10100, 'Inactive'),
(787901101, 'IFSC0010003', 10003, 'Active'),
(787901102, 'IFSC0010002', 10006, 'Active'),
(787901103, 'IFSC0010004', 10010, 'Inactive'),
(787901104, 'IFSC0010003', 10014, 'Active'),
(787901105, 'IFSC0010004', 10015, 'Active'),
(787901106, 'IFSC0010001', 10018, 'Active'),
(787901107, 'IFSC0010002', 10021, 'Active'),
(787901108, 'IFSC0010002', 10026, 'Active'),
(787901109, 'IFSC0010003', 10029, 'Active'),
(787901110, 'IFSC0010001', 10031, 'Active'),
(787901111, 'IFSC0010007', 10037, 'Active'),
(787901112, 'IFSC0010005', 10041, 'Active'),
(787901113, 'IFSC0010006', 10044, 'Active'),
(787901114, 'IFSC0010005', 10049, 'Inactive'),
(787901115, 'IFSC0010007', 10053, 'Frozen'),
(787901116, 'IFSC0010008', 10057, 'Active'),
(787901117, 'IFSC0010010', 10060, 'Inactive'),
(787901118, 'IFSC0010010', 10064, 'Active'),
(787901119, 'IFSC0010009', 10066, 'Active'),
(787901120, 'IFSC0010009', 10070, 'Active'),
(787901121, 'IFSC0010008', 10073, 'Active'),
(787901122, 'IFSC0010010', 10076, 'Active'),
(787901123, 'IFSC0010013', 10078, 'Active'),
(787901124, 'IFSC0010011', 10082, 'Active'),
(787901125, 'IFSC0010012', 10084, 'Blocked'),
(787901126, 'IFSC0010011', 10087, 'Active'),
(787901127, 'IFSC0010011', 10091, 'Active'),
(787901128, 'IFSC0010013', 10094, 'Active'),
(787901129, 'IFSC0010011', 10096, 'Active'),
(787901130, 'IFSC0010011', 10099, 'Active'),
(787901131, 'IFSC0010001', 10002, 'Active'),
(787901132, 'IFSC0010002', 10016, 'Active'),
(787901133, 'IFSC0010004', 10030, 'Active'),
(787901134, 'IFSC0010006', 10039, 'Active'),
(787901135, 'IFSC0010006', 10048, 'Active'),
(787901136, 'IFSC0010009', 10067, 'Inactive'),
(787901137, 'IFSC0010009', 10074, 'Blocked'),
(787901138, 'IFSC0010013', 10079, 'Active'),
(787901139, 'IFSC0010012', 10088, 'Frozen'),
(787901140, 'IFSC0010013', 10098, 'Active'),
(787901141, 'IFSC0010004', 10002, 'Active'),
(787901142, 'IFSC0010002', 10016, 'Active'),
(787901143, 'IFSC0010004', 10030, 'Active'),
(787901144, 'IFSC0010005', 10039, 'Frozen'),
(787901145, 'IFSC0010006', 10048, 'Inactive'),
(787901146, 'IFSC0010010', 10067, 'Active'),
(787901147, 'IFSC0010009', 10074, 'Inactive'),
(787901148, 'IFSC0010011', 10079, 'Active'),
(787901149, 'IFSC0010012', 10088, 'Active'),
(787901150, 'IFSC0010012', 10098, 'Active'),
(787901151, 'IFSC0010002', 10028, 'Active'),
(787901152, 'IFSC0010003', 10028, 'Active'),
(787901153, 'IFSC0010001', 10028, 'Active');



-- Insertion Data for Account_Details
INSERT INTO Account_Details (Account_Number, Account_type, Balance, Interest_Rate, Opening_date) VALUES
(787901001, 'Savings', 72910.24, 4.17, '2002-07-15'),
(787901002, 'Current', 7203854.23, 0.00, '2018-04-28'),
(787901003, 'Fixed_Deposit', 30744.52, 8.23, '2011-09-03'),
(787901004, 'Savings', 84608.13, 5.65, '2005-11-20'),
(787901005, 'Current', 5142798.39, 0.00, '2014-10-09'),
(787901006, 'Fixed_Deposit', 13482.81, 7.33, '2019-06-02'),
(787901007, 'Savings', 95125.08, 5.12, '2010-02-14'),
(787901008, 'Savings', 47218.69, 5.24, '2008-08-30'),
(787901009, 'Current', 8774312.48, 0.00, '2016-05-17'),
(787901010, 'Savings', 65410.29, 5.17, '2006-12-25'),
(787901011, 'Fixed_Deposit', 19521.63, 8.63, '2003-03-11'),
(787901012, 'Savings', 83169.67, 4.22, '2015-01-05'),
(787901013, 'Savings', 78282.79, 4.62, '2009-09-21'),
(787901014, 'Savings', 29733.42, 4.73, '2012-07-08'),
(787901015, 'Current', 7846775.21, 0.00, '2022-11-18'),
(787901016, 'Fixed_Deposit', 24149.87, 8.63, '2001-06-30'),
(787901017, 'Savings', 66490.19, 4.78, '2007-04-12'),
(787901018, 'Savings', 51637.97, 4.31, '2013-08-26'),
(787901019, 'Current', 892328.61, 0.00, '2020-09-07'),
(787901020, 'Savings', 74428.36, 5.00, '2004-01-23'),
(787901021, 'Savings', 35962.55, 4.99, '2017-12-14'),
(787901022, 'Savings', 96874.45, 4.32, '2000-05-31'),
(787901023, 'Savings', 26037.47, 4.89, '2021-03-19'),
(787901024, 'Current', 2001345.78, 0.00, '2002-10-08'),
(787901025, 'Savings', 58543.63, 4.51, '2018-07-22'),
(787901026, 'Savings', 63728.73, 4.23, '2011-12-05'),
(787901027, 'Savings', 25570.61, 4.95, '2005-02-17'),
(787901028, 'Current', 1712839.41, 0.00, '2014-04-10'),
(787901029, 'Savings', 78709.53, 4.42, '2019-10-23'),
(787901030, 'Fixed_Deposit', 34087.97, 7.67, '2010-08-09'),
(787901031, 'Savings', 20450.94, 4.67, '2008-03-28'),
(787901032, 'Current', 8275081.22, 0.00, '2016-01-14'),
(787901033, 'Current', 9963161.45, 0.00, '2007-06-01'),
(787901034, 'Current', 8619513.17, 0.00, '2003-09-16'),
(787901035, 'Savings', 88507.77, 4.17, '2015-11-02'),
(787901036, 'Savings', 99113.58, 5.23, '2009-04-26'),
(787901037, 'Current', 3364736.39, 0.00, '2012-02-07'),
(787901038, 'Savings', 86427.38, 5.23, '2022-04-03'),
(787901039, 'Fixed_Deposit', 52752.74, 6.55, '2001-09-13'),
(787901040, 'Current', 4528467.59, 0.00, '2006-11-27'),
(787901041, 'Savings', 12775.46, 5.19, '2013-05-05'),
(787901042, 'Savings', 72498.60, 4.44, '2020-08-19'),
(787901043, 'Savings', 81018.92, 5.12, '2004-02-29'),
(787901044, 'Savings', 79249.64, 4.78, '2017-10-12'),
(787901045, 'Savings', 14826.47, 4.23, '2000-07-26'),
(787901046, 'Current', 3835092.13, 0.00, '2021-01-09'),
(787901047, 'Current', 5315642.88, 0.00, '2002-04-21'),
(787901048, 'Fixed_Deposit', 60914.76, 7.95, '2018-03-03'),
(787901049, 'Savings', 48453.69, 5.67, '2011-06-17'),
(787901050, 'Savings', 99384.15, 5.66, '2005-09-30'),
(787901051, 'Savings', 91769.21, 4.42, '2014-12-13'),
(787901052, 'Savings', 10236.22, 4.38, '2019-08-26'),
(787901053, 'Savings', 20199.88, 5.12, '2010-05-11'),
(787901054, 'Current', 5773242.41, 0.00, '2008-01-24'),
(787901055, 'Current', 1354862.10, 0.00, '2016-03-10'),
(787901056, 'Savings', 56703.44, 4.67, '2007-10-25'),
(787901057, 'Savings', 39823.67, 5.18, '2003-01-06'),
(787901058, 'Current', 319537.72, 0.00, '2015-04-20'),
(787901059, 'Fixed_Deposit', 89164.03, 7.73, '2009-07-04'),
(787901060, 'Current', 208480.84, 0.00, '2012-09-15'),
(787901061, 'Current', 1834074.09, 0.00, '2022-02-02'),
(787901062, 'Savings', 21844.18, 5.02, '2001-11-14'),
(787901063, 'Savings', 71552.27, 4.68, '2006-02-28'),
(787901064, 'Current', 476473.92, 0.00, '2013-10-08'),
(787901065, 'Savings', 52977.56, 5.44, '2020-12-22'),
(787901066, 'Fixed_Deposit', 71204.44, 7.49, '2004-06-06'),
(787901067, 'Savings', 12943.32, 4.45, '2017-09-17'),
(787901068, 'Savings', 91024.73, 4.32, '2000-04-02'),
(787901069, 'Current', 3435358.44, 0.00, '2021-06-24'),
(787901070, 'Fixed_Deposit', 46071.19, 8.34, '2002-01-11'),
(787901071, 'Savings', 88233.28, 4.92, '2018-02-03'),
(787901072, 'Savings', 66259.05, 5.75, '2011-05-19'),
(787901073, 'Savings', 77928.91, 5.00, '2005-08-31'),
(787901074, 'Current', 2882194.63, 0.00, '2014-11-14'),
(787901075, 'Savings', 52491.77, 5.12, '2019-07-27'),
(787901076, 'Current', 438390.28, 0.00, '2010-04-10'),
(787901077, 'Savings', 95390.23, 4.89, '2008-10-23'),
(787901078, 'Current', 356431.89, 0.00, '2016-02-07'),
(787901079, 'Savings', 76316.56, 5.09, '2007-11-20'),
(787901080, 'Fixed_Deposit', 63592.65, 8.26, '2003-02-02'),
(787901081, 'Savings', 70485.52, 4.78, '2015-05-18'),
(787901082, 'Savings', 76254.44, 4.88, '2009-08-02'),
(787901083, 'Current', 571803.18, 0.00, '2012-10-13'),
(787901084, 'Fixed_Deposit', 48738.10, 6.18, '2022-03-04'),
(787901085, 'Savings', 28474.85, 4.89, '2001-12-18'),
(787901086, 'Savings', 31052.28, 5.23, '2006-04-03'),
(787901087, 'Current', 4511221.17, 0.00, '2013-11-19'),
(787901088, 'Savings', 16590.81, 4.09, '2021-01-03'),
(787901089, 'Savings', 59520.99, 4.78, '2004-05-17'),
(787901090, 'Fixed_Deposit', 39478.73, 8.88, '2017-08-29'),
(787901091, 'Savings', 67921.37, 5.11, '2000-03-13'),
(787901092, 'Savings', 28933.45, 4.67, '2018-01-26'),
(787901093, 'Current', 3799451.17, 0.00, '2011-04-12'),
(787901094, 'Fixed_Deposit', 51006.91, 7.75, '2005-07-24'),
(787901095, 'Savings', 46836.53, 5.31, '2014-10-06'),
(787901096, 'Savings', 27399.72, 4.82, '2019-07-20'),
(787901097, 'Current', 3378945.79, 0.00, '2010-04-03'),
(787901098, 'Savings', 58407.37, 4.22, '2008-10-16'),
(787901099, 'Savings', 84296.54, 4.98, '2016-02-29'),
(787901100, 'Fixed_Deposit', 63651.82, 8.17, '2007-12-13'),
(787901101, 'Savings', 5000.00, 4.25, '2012-09-03'),
(787901102, 'Savings', 10000000.00, 4.75, '2020-06-02'),
(787901103, 'Savings', 5000.00, 5.25, '2007-12-25'),
(787901104, 'Fixed_Deposit', 10000000.00, 8.25, '2013-07-08'),
(787901105, 'Savings', 5000.00, 5.25, '2023-11-18'),
(787901106, 'Savings', 5000.00, 4.75, '2014-03-11'),
(787901107, 'Fixed_Deposit', 10000000.00, 8.50, '2019-01-05'),
(787901108, 'Savings', 5000.00, 5.00, '2015-09-21'),
(787901109, 'Fixed_Deposit', 10000000.00, 7.00, '2020-07-22'),
(787901110, 'Savings', 5000.00, 5.50, '2009-03-28'),
(787901111, 'Savings', 5000.00, 5.00, '2019-02-07'),
(787901112, 'Current', 518837.93, 0.00, '2014-05-05'),
(787901113, 'Savings', 5000.00, 4.25, '2021-08-19'),
(787901114, 'Savings', 5000.00, 5.50, '2017-02-28'),
(787901115, 'Savings', 5000.00, 4.50, '2018-05-23'),
(787901116, 'Savings', 5000.00, 4.75, '2004-07-17'),
(787901117, 'Fixed_Deposit', 10000000.00, 7.50, '2022-10-23'),
(787901118, 'Savings', 5000.00, 4.25, '2017-06-24'),
(787901119, 'Savings', 5000.00, 5.25, '2018-01-10'),
(787901120, 'Savings', 5000.00, 5.00, '2013-12-02'),
(787901121, 'Fixed_Deposit', 10000000.00, 6.75, '2005-11-27'),
(787901122, 'Savings', 5000.00, 4.50, '2019-07-14'),
(787901123, 'Savings', 5000.00, 4.75, '2016-11-01'),
(787901124, 'Fixed_Deposit', 10000000.00, 7.75, '2014-12-20'),
(787901125, 'Current', 2183911.91, 0.00, '2023-03-29'),
(787901126, 'Savings', 5000.00, 4.25, '2014-06-17'),
(787901127, 'Savings', 5000.00, 4.50, '2016-09-05'),
(787901128, 'Savings', 5000.00, 5.25, '2019-05-18'),
(787901129, 'Fixed_Deposit', 10000000.00, 6.00, '2020-02-14'),
(787901130, 'Savings', 5000.00, 4.75, '2018-04-07'),
(787901131, 'Savings', 5000.00, 4.50, '2019-06-12'),
(787901132, 'Savings', 5000.00, 5.00, '2006-08-28'),
(787901133, 'Savings', 5000.00, 4.25, '2016-02-05'),
(787901134, 'Fixed_Deposit', 10000000.00, 8.75, '2011-04-29'),
(787901135, 'Savings', 5000.00, 5.00, '2019-01-11'),
(787901136, 'Fixed_Deposit', 10000000.00, 7.25, '2018-11-07'),
(787901137, 'Savings', 5000.00, 4.75, '2015-10-26'),
(787901138, 'Savings', 5000.00, 5.50, '2010-09-14'),
(787901139, 'Fixed_Deposit', 10000000.00, 9.00, '2022-04-01'),
(787901140, 'Savings', 5000.00, 4.50, '2017-12-03'),
(787901141, 'Savings', 5000.00, 5.25, '2019-08-27'),
(787901142, 'Current', 212313.52, 0.00, '2009-10-19'),
(787901143, 'Savings', 5000.00, 4.25, '2018-03-15'),
(787901144, 'Fixed_Deposit', 10000000.00, 7.75, '2015-05-25'),
(787901145, 'Fixed_Deposit', 10000000.00, 8.00, '2019-08-09'),
(787901146, 'Savings', 5000.00, 5.00, '2019-04-30'),
(787901147, 'Savings', 5000.00, 4.75, '2016-06-22'),
(787901148, 'Fixed_Deposit', 10000000.00, 8.25, '2011-02-16'),
(787901149, 'Savings', 5000.00, 4.50, '2022-11-13'),
(787901150, 'Fixed_Deposit', 10000000.00, 8.50, '2018-09-21'),
(787901151, 'Savings', 18000.00, 4.25, '2019-03-04'),
(787901152, 'Savings', 56828.00, 5.00, '2020-04-08'),
(787901153, 'Fixed_Deposit', 500000.00, 6.75, '2021-01-22');



-- Insertion Data for Transaction
INSERT INTO Transaction (Transaction_ID, Sender_Account_No, Receiver_Account_No, Transaction_Type, Transaction_Date, Transaction_Amount) VALUES
('TRNS010001', 787901050, 787901050, 'Deposit', '2006-05-06', 76098.00),
('TRNS010002', 787901070, 787901004, 'Transfer', '2006-09-17', 13068.00),
('TRNS010003', 787901025, 787901130, 'Transfer', '2019-03-20', 33292.00),
('TRNS010004', 787901020, 787901080, 'Transfer', '2005-10-22', 53166.00),
('TRNS010005', 787901027, 787901076, 'Transfer', '2011-10-14', 6746.00),
('TRNS010006', 787901120, 787901120, 'Withdrawal', '2014-02-01', 51541.00),
('TRNS010007', 787901002, 787901031, 'Transfer', '2019-12-13', 3941.00),
('TRNS010008', 787901054, 787901025, 'Transfer', '2019-06-17', 52683.00),
('TRNS010009', 787901018, 787901141, 'Transfer', '2020-10-04', 28233.00),
('TRNS010010', 787901026, 787901067, 'Transfer', '2018-10-04', 32114.00),
('TRNS010011', 787901069, 787901128, 'Transfer', '2022-07-03', 31050.00),
('TRNS010012', 787901077, 787901098, 'Transfer', '2009-10-28', 81173.00),
('TRNS010013', 787901137, 787901066, 'Transfer', '2016-10-03', 40790.00),
('TRNS010014', 787901092, 787901018, 'Transfer', '2019-12-26', 25037.00),
('TRNS010015', 787901092, 787901092, 'Deposit', '2019-08-14', 23518.00),
('TRNS010016', 787901027, 787901011, 'Transfer', '2006-09-24', 66932.00),
('TRNS010017', 787901024, 787901120, 'Transfer', '2014-08-23', 36703.00),
('TRNS010018', 787901025, 787901077, 'Transfer', '2019-11-14', 20252.00),
('TRNS010019', 787901144, 787901119, 'Transfer', '2019-01-18', 69528.00),
('TRNS010020', 787901108, 787901108, 'Withdrawal', '2016-05-07', 85856.00),
('TRNS010021', 787901031, 787901055, 'Transfer', '2017-01-11', 52957.00),
('TRNS010022', 787901034, 787901106, 'Transfer', '2015-08-04', 76233.00),
('TRNS010023', 787901016, 787901107, 'Transfer', '2020-10-22', 36891.00),
('TRNS010024', 787901071, 787901135, 'Transfer', '2020-07-11', 53076.00),
('TRNS010025', 787901044, 787901044, 'Deposit', '2018-09-14', 74644.00),
('TRNS010026', 787901137, 787901094, 'Transfer', '2016-02-20', 23038.00),
('TRNS010027', 787901092, 787901150, 'Transfer', '2019-09-20', 21824.00),
('TRNS010028', 787901063, 787901121, 'Transfer', '2007-08-06', 53898.00),
('TRNS010029', 787901142, 787901142, 'Withdrawal', '2010-01-07', 62246.00),
('TRNS010030', 787901122, 787901072, 'Transfer', '2020-08-29', 67970.00),
('TRNS010031', 787901127, 787901006, 'Transfer', '2020-12-12', 8878.00),
('TRNS010032', 787901037, 787901121, 'Transfer', '2013-12-16', 94083.00),
('TRNS010033', 787901127, 787901106, 'Transfer', '2017-04-12', 39258.00),
('TRNS010034', 787901057, 787901087, 'Transfer', '2014-01-17', 57177.00),
('TRNS010035', 787901153, 787901029, 'Transfer', '2022-08-09', 24005.00),
('TRNS010036', 787901102, 787901044, 'Transfer', '2021-07-21', 40800.00),
('TRNS010037', 787901126, 787901050, 'Transfer', '2015-12-02', 28531.00),
('TRNS010038', 787901047, 787901047, 'Deposit', '2003-10-24', 68189.00),
('TRNS010039', 787901065, 787901021, 'Transfer', '2021-04-05', 23503.00),
('TRNS010040', 787901105, 787901051, 'Transfer', '2024-01-10', 87825.00),
('TRNS010041', 787901024, 787901149, 'Transfer', '2023-03-05', 52852.00),
('TRNS010042', 787901152, 787901020, 'Transfer', '2021-11-07', 39450.00),
('TRNS010043', 787901143, 787901059, 'Transfer', '2019-07-12', 61041.00),
('TRNS010044', 787901141, 787901141, 'Withdrawal', '2020-10-14', 24180.00),
('TRNS010045', 787901144, 787901033, 'Transfer', '2016-11-27', 41853.00),
('TRNS010046', 787901082, 787901120, 'Transfer', '2014-04-15', 39189.00),
('TRNS010047', 787901055, 787901079, 'Transfer', '2017-10-22', 16610.00),
('TRNS010048', 787901037, 787901123, 'Transfer', '2017-03-23', 62252.00),
('TRNS010049', 787901032, 787901062, 'Transfer', '2017-11-27', 72575.00),
('TRNS010050', 787901058, 787901058, 'Deposit', '2016-09-21', 26012.00),
('TRNS010051', 787901041, 787901115, 'Transfer', '2019-01-16', 65060.00),
('TRNS010052', 787901088, 787901058, 'Transfer', '2022-03-11', 13392.00),
('TRNS010053', 787901020, 787901020, 'Withdrawal', '2005-12-24', 95474.00),
('TRNS010054', 787901039, 787901089, 'Transfer', '2005-05-29', 35631.00),
('TRNS010055', 787901010, 787901010, 'Deposit', '2007-09-19', 6950.00),
('TRNS010056', 787901030, 787901102, 'Transfer', '2021-07-01', 89356.00),
('TRNS010057', 787901098, 787901078, 'Transfer', '2017-01-01', 85529.00),
('TRNS010058', 787901076, 787901076, 'Withdrawal', '2011-12-12', 51976.00),
('TRNS010059', 787901130, 787901006, 'Transfer', '2020-12-13', 57596.00),
('TRNS010060', 787901049, 787901143, 'Transfer', '2019-06-11', 73813.00),
('TRNS010061', 787901034, 787901127, 'Transfer', '2017-02-19', 90665.00),
('TRNS010062', 787901077, 787901056, 'Transfer', '2009-08-19', 48779.00),
('TRNS010063', 787901001, 787901040, 'Transfer', '2007-05-03', 14780.00),
('TRNS010064', 787901094, 787901061, 'Transfer', '2023-07-13', 1491.00),
('TRNS010065', 787901124, 787901124, 'Deposit', '2015-03-08', 18904.00),
('TRNS010066', 787901075, 787901075, 'Withdrawal', '2020-10-16', 45219.00),
('TRNS010067', 787901153, 787901066, 'Transfer', '2022-06-09', 32751.00),
('TRNS010068', 787901146, 787901003, 'Transfer', '2020-02-21', 98027.00),
('TRNS010069', 787901059, 787901059, 'Deposit', '2010-01-25', 49721.00),
('TRNS010070', 787901031, 787901031, 'Withdrawal', '2009-08-29', 77890.00),
('TRNS010071', 787901109, 787901060, 'Transfer', '2021-12-08', 24323.00),
('TRNS010072', 787901055, 787901055, 'Deposit', '2017-02-22', 71190.00),
('TRNS010073', 787901132, 787901014, 'Transfer', '2013-12-15', 11054.00),
('TRNS010074', 787901021, 787901040, 'Transfer', '2018-09-05', 54428.00),
('TRNS010075', 787901020, 787901140, 'Transfer', '2018-07-22', 80353.00),
('TRNS010076', 787901143, 787901041, 'Transfer', '2019-09-28', 23684.00),
('TRNS010077', 787901036, 787901116, 'Transfer', '2010-12-18', 20059.00),
('TRNS010078', 787901123, 787901092, 'Transfer', '2019-05-21', 49261.00),
('TRNS010079', 787901129, 787901079, 'Transfer', '2021-03-26', 77234.00),
('TRNS010080', 787901131, 787901095, 'Transfer', '2020-04-01', 25234.00),
('TRNS010081', 787901105, 787901105, 'Withdrawal', '2024-01-03', 25546.00),
('TRNS010082', 787901073, 787901131, 'Transfer', '2020-02-25', 67535.00),
('TRNS010083', 787901137, 787901106, 'Transfer', '2016-03-12', 25393.00),
('TRNS010084', 787901097, 787901063, 'Transfer', '2011-06-04', 64074.00),
('TRNS010085', 787901018, 787901018, 'Deposit', '2014-03-23', 59129.00),
('TRNS010086', 787901150, 787901110, 'Transfer', '2019-12-02', 79864.00),
('TRNS010087', 787901085, 787901134, 'Transfer', '2012-11-01', 6837.00),
('TRNS010088', 787901007, 787901084, 'Transfer', '2023-03-09', 73866.00),
('TRNS010089', 787901088, 787901126, 'Transfer', '2022-05-18', 78477.00),
('TRNS010090', 787901052, 787901018, 'Transfer', '2020-10-05', 69794.00),
('TRNS010091', 787901049, 787901128, 'Transfer', '2020-05-01', 79358.00),
('TRNS010092', 787901151, 787901151, 'Withdrawal', '2020-11-23', 49214.00),
('TRNS010093', 787901044, 787901120, 'Transfer', '2018-01-26', 27630.00),
('TRNS010094', 787901087, 787901021, 'Transfer', '2018-01-07', 6574.00),
('TRNS010095', 787901073, 787901140, 'Transfer', '2018-01-26', 75013.00),
('TRNS010096', 787901128, 787901074, 'Transfer', '2020-09-28', 17769.00),
('TRNS010097', 787901129, 787901113, 'Transfer', '2022-05-28', 57722.00),
('TRNS010098', 787901152, 787901062, 'Transfer', '2021-04-08', 93706.00),
('TRNS010099', 787901095, 787901079, 'Transfer', '2015-11-13', 12897.00),
('TRNS010100', 787901027, 787901044, 'Transfer', '2018-03-25', 23127.00),
('TRNS010101', 787901040, 787901153, 'Transfer', '2022-09-12', 77778.00),
('TRNS010102', 787901090, 787901128, 'Transfer', '2020-12-27', 26922.00),
('TRNS010103', 787901065, 787901016, 'Transfer', '2021-12-10', 60567.00),
('TRNS010104', 787901080, 787901140, 'Transfer', '2018-06-06', 41565.00),
('TRNS010105', 787901109, 787901081, 'Transfer', '2021-12-15', 30152.00),
('TRNS010106', 787901036, 787901069, 'Transfer', '2022-11-04', 25073.00),
('TRNS010107', 787901125, 787901090, 'Transfer', '2024-02-12', 82384.00),
('TRNS010108', 787901036, 787901007, 'Transfer', '2011-11-03', 46768.00),
('TRNS010109', 787901118, 787901087, 'Transfer', '2018-05-23', 67123.00),
('TRNS010110', 787901078, 787901130, 'Transfer', '2019-01-21', 71999.00),
('TRNS010111', 787901150, 787901090, 'Transfer', '2019-03-26', 39280.00),
('TRNS010112', 787901008, 787901008, 'Deposit', '2009-01-13', 4345.00),
('TRNS010113', 787901039, 787901039, 'Withdrawal', '2002-04-25', 75020.00),
('TRNS010114', 787901073, 787901073, 'Deposit', '2006-12-13', 44774.00),
('TRNS010115', 787901098, 787901031, 'Transfer', '2009-09-17', 56425.00),
('TRNS010116', 787901116, 787901088, 'Transfer', '2022-07-25', 7641.00),
('TRNS010117', 787901037, 787901064, 'Transfer', '2014-07-26', 77955.00),
('TRNS010118', 787901152, 787901023, 'Transfer', '2022-05-10', 98388.00),
('TRNS010119', 787901062, 787901044, 'Transfer', '2018-05-05', 79860.00),
('TRNS010120', 787901143, 787901098, 'Transfer', '2019-09-13', 64198.00),
('TRNS010121', 787901073, 787901026, 'Transfer', '2012-05-06', 68770.00),
('TRNS010122', 787901044, 787901044, 'Withdrawal', '2018-12-15', 38571.00),
('TRNS010123', 787901130, 787901027, 'Transfer', '2019-06-14', 63588.00),
('TRNS010124', 787901048, 787901082, 'Transfer', '2019-02-17', 30466.00),
('TRNS010125', 787901054, 787901071, 'Transfer', '2019-11-18', 815.00),
('TRNS010126', 787901034, 787901034, 'Deposit', '2004-11-17', 84940.00),
('TRNS010127', 787901041, 787901063, 'Transfer', '2014-12-25', 816.00),
('TRNS010128', 787901033, 787901087, 'Transfer', '2014-04-15', 53652.00),
('TRNS010129', 787901046, 787901046, 'Withdrawal', '2022-11-19', 72062.00),
('TRNS010130', 787901042, 787901077, 'Transfer', '2021-08-28', 11917.00),
('TRNS010131', 787901082, 787901005, 'Transfer', '2015-06-06', 33066.00),
('TRNS010132', 787901079, 787901119, 'Transfer', '2019-10-13', 14297.00),
('TRNS010133', 787901022, 787901125, 'Transfer', '2024-01-17', 85032.00),
('TRNS010134', 787901116, 787901058, 'Transfer', '2016-04-20', 81938.00),
('TRNS010135', 787901140, 787901055, 'Transfer', '2018-07-02', 60657.00),
('TRNS010136', 787901134, 787901134, 'Deposit', '2012-02-05', 21684.00),
('TRNS010137', 787901087, 787901067, 'Transfer', '2018-10-13', 2899.00),
('TRNS010138', 787901075, 787901032, 'Transfer', '2020-02-29', 93514.00),
('TRNS010139', 787901039, 787901039, 'Withdrawal', '2002-02-24', 5211.00),
('TRNS010140', 787901029, 787901049, 'Transfer', '2020-12-16', 65739.00),
('TRNS010141', 787901153, 787901004, 'Transfer', '2022-09-17', 20473.00),
('TRNS010142', 787901131, 787901105, 'Transfer', '2024-02-08', 93732.00),
('TRNS010143', 787901032, 787901032, 'Deposit', '2017-10-13', 47082.00),
('TRNS010144', 787901111, 787901017, 'Transfer', '2020-01-28', 92359.00),
('TRNS010145', 787901096, 787901053, 'Transfer', '2020-04-10', 81634.00),
('TRNS010146', 787901122, 787901106, 'Transfer', '2020-10-07', 6550.00),
('TRNS010147', 787901068, 787901068, 'Withdrawal', '2001-03-16', 1719.00),
('TRNS010148', 787901120, 787901081, 'Transfer', '2016-09-02', 21138.00),
('TRNS010149', 787901042, 787901144, 'Transfer', '2021-05-08', 92523.00),
('TRNS010150', 787901041, 787901041, 'Deposit', '2014-06-26', 10783.00),
('TRNS010151', 787901064, 787901002, 'Transfer', '2019-04-26', 62949.00),
('TRNS010152', 787901024, 787901150, 'Transfer', '2019-06-28', 47369.00),
('TRNS010153', 787901006, 787901041, 'Transfer', '2020-12-24', 62258.00),
('TRNS010154', 787901092, 787901137, 'Transfer', '2019-12-22', 92069.00),
('TRNS010155', 787901101, 787901143, 'Transfer', '2019-10-13', 42907.00),
('TRNS010156', 787901088, 787901118, 'Transfer', '2022-02-18', 9538.00),
('TRNS010157', 787901139, 787901101, 'Transfer', '2023-01-10', 34410.00),
('TRNS010158', 787901105, 787901019, 'Transfer', '2024-02-29', 82263.00),
('TRNS010159', 787901105, 787901051, 'Transfer', '2024-01-27', 56122.00),
('TRNS010160', 787901125, 787901104, 'Transfer', '2024-02-07', 41026.00),
('TRNS010161', 787901076, 787901035, 'Transfer', '2016-06-08', 84497.00),
('TRNS010162', 787901062, 787901062, 'Withdrawal', '2002-04-04', 9691.00),
('TRNS010163', 787901009, 787901074, 'Transfer', '2017-12-07', 3633.00),
('TRNS010164', 787901081, 787901111, 'Transfer', '2020-08-15', 74755.00),
('TRNS010165', 787901004, 787901072, 'Transfer', '2012-06-07', 57476.00),
('TRNS010166', 787901043, 787901043, 'Deposit', '2005-09-20', 36691.00),
('TRNS010167', 787901007, 787901122, 'Transfer', '2020-05-20', 19265.00),
('TRNS010168', 787901140, 787901140, 'Withdrawal', '2018-09-28', 50018.00),
('TRNS010169', 787901079, 787901055, 'Transfer', '2017-10-01', 71030.00),
('TRNS010170', 787901066, 787901141, 'Transfer', '2020-01-23', 20311.00),
('TRNS010171', 787901089, 787901042, 'Transfer', '2021-07-23', 78506.00),
('TRNS010172', 787901133, 787901069, 'Transfer', '2022-09-12', 75624.00),
('TRNS010173', 787901032, 787901127, 'Transfer', '2017-01-22', 20066.00),
('TRNS010174', 787901133, 787901133, 'Deposit', '2017-10-02', 10944.00),
('TRNS010175', 787901138, 787901029, 'Transfer', '2020-10-18', 62311.00),
('TRNS010176', 787901101, 787901133, 'Transfer', '2017-04-11', 99165.00),
('TRNS010177', 787901039, 787901021, 'Transfer', '2018-10-11', 88895.00),
('TRNS010178', 787901066, 787901017, 'Transfer', '2008-03-12', 44355.00),
('TRNS010179', 787901049, 787901129, 'Transfer', '2021-07-08', 35909.00),
('TRNS010180', 787901109, 787901064, 'Transfer', '2021-07-08', 99711.00),
('TRNS010181', 787901139, 787901006, 'Transfer', '2023-08-17', 55711.00),
('TRNS010182', 787901050, 787901026, 'Transfer', '2012-06-18', 96240.00),
('TRNS010183', 787901033, 787901033, 'Withdrawal', '2008-04-24', 37267.00),
('TRNS010184', 787901036, 787901148, 'Transfer', '2012-04-15', 9621.00),
('TRNS010185', 787901119, 787901119, 'Deposit', '2019-04-26', 642.00),
('TRNS010186', 787901142, 787901118, 'Transfer', '2018-01-13', 35996.00),
('TRNS010187', 787901120, 787901054, 'Transfer', '2014-12-24', 59096.00),
('TRNS010188', 787901040, 787901013, 'Transfer', '2010-10-18', 43387.00),
('TRNS010189', 787901010, 787901105, 'Transfer', '2024-01-02', 53839.00),
('TRNS010190', 787901037, 787901037, 'Withdrawal', '2013-04-23', 80826.00),
('TRNS010191', 787901071, 787901071, 'Deposit', '2019-04-24', 99276.00),
('TRNS010192', 787901144, 787901112, 'Transfer', '2016-07-03', 52495.00),
('TRNS010193', 787901126, 787901029, 'Transfer', '2020-06-05', 18967.00),
('TRNS010194', 787901040, 787901040, 'Withdrawal', '2007-06-24', 66334.00),
('TRNS010195', 787901093, 787901053, 'Transfer', '2012-11-10', 72104.00),
('TRNS010196', 787901046, 787901133, 'Transfer', '2022-10-13', 1613.00),
('TRNS010197', 787901021, 787901070, 'Transfer', '2018-10-15', 97978.00),
('TRNS010198', 787901014, 787901073, 'Transfer', '2013-03-10', 12727.00),
('TRNS010199', 787901006, 787901006, 'Deposit', '2020-09-02', 69779.00),
('TRNS010200', 787901126, 787901087, 'Transfer', '2015-06-13', 29388.00),
('TRNS010201', 787901017, 787901066, 'Transfer', '2008-09-28', 90035.00),
('TRNS010202', 787901133, 787901045, 'Transfer', '2017-04-12', 29041.00),
('TRNS010203', 787901021, 787901045, 'Transfer', '2018-10-05', 63709.00),
('TRNS010204', 787901021, 787901006, 'Transfer', '2020-08-12', 84364.00),
('TRNS010205', 787901021, 787901064, 'Transfer', '2018-07-16', 59663.00),
('TRNS010206', 787901135, 787901040, 'Transfer', '2020-02-10', 60144.00),
('TRNS010207', 787901133, 787901040, 'Transfer', '2017-10-16', 13831.00),
('TRNS010208', 787901111, 787901001, 'Transfer', '2020-07-26', 54863.00),
('TRNS010209', 787901009, 787901120, 'Transfer', '2017-02-23', 13932.00),
('TRNS010210', 787901021, 787901065, 'Transfer', '2021-04-11', 77046.00),
('TRNS010211', 787901055, 787901049, 'Transfer', '2017-02-13', 49853.00),
('TRNS010212', 787901076, 787901110, 'Transfer', '2011-03-21', 45379.00),
('TRNS010213', 787901076, 787901114, 'Transfer', '2018-02-06', 45616.00),
('TRNS010214', 787901055, 787901135, 'Transfer', '2020-01-27', 83039.00),
('TRNS010215', 787901017, 787901081, 'Transfer', '2016-09-11', 45946.00),
('TRNS010216', 787901135, 787901125, 'Transfer', '2024-04-13', 17881.00),
('TRNS010217', 787901111, 787901073, 'Transfer', '2020-04-23', 93994.00),
('TRNS010218', 787901021, 787901080, 'Transfer', '2018-11-15', 96119.00),
('TRNS010219', 787901021, 787901018, 'Transfer', '2018-01-02', 30853.00),
('TRNS010220', 787901021, 787901104, 'Transfer', '2018-06-25', 54316.00),
('TRNS010221', 787901055, 787901051, 'Transfer', '2017-08-17', 19977.00),
('TRNS010222', 787901133, 787901043, 'Transfer', '2017-07-15', 69605.00),
('TRNS010223', 787901017, 787901012, 'Transfer', '2016-12-13', 99619.00),
('TRNS010224', 787901133, 787901049, 'Transfer', '2017-03-13', 27051.00),
('TRNS010225', 787901135, 787901033, 'Transfer', '2024-04-10', 17876.00);



-- Insertion Data for Employee
INSERT INTO Employee (Employee_ID, IFS_CODE, Employee_Fname, Employee_Mname, Employee_Lname, "role") VALUES
(99001, 'IFSC0010001', 'Ramesh', 'Kumar', 'Sharma', 'Manager'),
(99002, 'IFSC0010001', 'Suchetna', 'Devi', 'Singh', 'Customer_Service_Representative'),
(99003, 'IFSC0010001', 'Amit', 'Kumar', 'Yadav', 'Loan_Officer'),
(99004, 'IFSC0010001', 'Priya', 'Rani', 'Patel', 'Loan_Officer'),
(99005, 'IFSC0010001', 'Suresh', 'Chandra', 'Gupta', 'Credit_Analyst'),
(99006, 'IFSC0010001', 'Anjali', 'Devi', 'Verma', 'Credit_Analyst'),
(99007, 'IFSC0010002', 'Rajesh', 'Kumar', 'Mishra', 'Manager'),
(99008, 'IFSC0010002', 'Meena', 'Devi', 'Sharma', 'Customer_Service_Representative'),
(99009, 'IFSC0010002', 'Vikas', 'Kumar', 'Singh', 'Loan_Officer'),
(99010, 'IFSC0010002', 'Pooja', 'Rani', 'Yadav', 'Loan_Officer'),
(99011, 'IFSC0010002', 'Aman', 'Chandra', 'Gupta', 'Credit_Analyst'),
(99012, 'IFSC0010002', 'Sarita', 'Devi', 'Sharma', 'Credit_Analyst'),
(99013, 'IFSC0010003', 'Sunil', 'Kumar', 'Choudhary', 'Manager'),
(99014, 'IFSC0010003', 'Twisha', 'Kumari', 'Singh', 'Customer_Service_Representative'),
(99015, 'IFSC0010003', 'Nitin', 'Kumar', 'Verma', 'Loan_Officer'),
(99016, 'IFSC0010003', 'Ritu', 'Rani', 'Yadav', 'Loan_Officer'),
(99017, 'IFSC0010003', 'Raj', 'Chandra', 'Gupta', 'Credit_Analyst'),
(99018, 'IFSC0010003', 'Kavita', 'Devi', 'Sharma', 'Credit_Analyst'),
(99019, 'IFSC0010004', 'Ashok', 'Kumar', 'Sharma', 'Manager'),
(99020, 'IFSC0010004', 'Surekha', 'Devi', 'Singh', 'Customer_Service_Representative'),
(99021, 'IFSC0010004', 'Vinod', 'Kumar', 'Yadav', 'Loan_Officer'),
(99022, 'IFSC0010004', 'Kiran', 'Rani', 'Patel', 'Loan_Officer'),
(99023, 'IFSC0010004', 'Deepak', 'Chandra', 'Gupta', 'Credit_Analyst'),
(99024, 'IFSC0010004', 'Neetu', 'Devi', 'Verma', 'Credit_Analyst'),
(99025, 'IFSC0010005', 'Rajesh', 'Kumar', 'Sharma', 'Manager'),
(99026, 'IFSC0010005', 'Priya', 'Devi', 'Singh', 'Customer_Service_Representative'),
(99027, 'IFSC0010005', 'Vikram', 'Kumar', 'Yadav', 'Loan_Officer'),
(99028, 'IFSC0010005', 'Anita', 'Rani', 'Patel', 'Loan_Officer'),
(99029, 'IFSC0010005', 'Sanjay', 'Chandra', 'Gupta', 'Credit_Analyst'),
(99030, 'IFSC0010005', 'Sulekha', 'Kumari', 'Verma', 'Credit_Analyst'),
(99031, 'IFSC0010006', 'Ajay', 'Kumar', 'Sharma', 'Manager'),
(99032, 'IFSC0010006', 'Ramila', 'Kumari', 'Singh', 'Customer_Service_Representative'),
(99033, 'IFSC0010006', 'Vansh', 'Kumar', 'Chaudhari', 'Loan_Officer'),
(99034, 'IFSC0010006', 'Neha', 'Rani', 'Patel', 'Loan_Officer'),
(99035, 'IFSC0010006', 'Arjun', 'Chandra', 'Gupta', 'Credit_Analyst'),
(99036, 'IFSC0010006', 'Rekha', 'Kumari', 'Chauhan', 'Credit_Analyst'),
(99037, 'IFSC0010007', 'Alpesh', 'Kumar', 'Sharma', 'Manager'),
(99038, 'IFSC0010007', 'Sangeeta', 'Devi', 'Singh', 'Customer_Service_Representative'),
(99039, 'IFSC0010007', 'Rajat', 'Kumar', 'Yadav', 'Loan_Officer'),
(99040, 'IFSC0010007', 'Krisha', 'Kumari', 'Patel', 'Loan_Officer'),
(99041, 'IFSC0010007', 'Ram', 'Chandra', 'Gupta', 'Credit_Analyst'),
(99042, 'IFSC0010007', 'Vimla', 'Devi', 'Verma', 'Credit_Analyst'),
(99043, 'IFSC0010008', 'Vinay', 'Kumar', 'Sharma', 'Manager'),
(99044, 'IFSC0010008', 'Geeta', 'Devi', 'Singh', 'Customer_Service_Representative'),
(99045, 'IFSC0010008', 'Sanjeev', 'Kumar', 'Yadav', 'Loan_Officer'),
(99046, 'IFSC0010008', 'Shreeja', 'Rani', 'Patel', 'Loan_Officer'),
(99047, 'IFSC0010008', 'Ajit', 'Chandra', 'Gupta', 'Credit_Analyst'),
(99048, 'IFSC0010008', 'Vineeta', 'Devi', 'Verma', 'Credit_Analyst'),
(99049, 'IFSC0010009', 'Sunil', 'Kumar', 'Sharma', 'Manager'),
(99050, 'IFSC0010009', 'Asha', 'Devi', 'Singh', 'Customer_Service_Representative'),
(99051, 'IFSC0010009', 'Nitin', 'Kumar', 'Yadav', 'Loan_Officer'),
(99052, 'IFSC0010009', 'Ritu', 'Rani', 'Patel', 'Loan_Officer'),
(99053, 'IFSC0010009', 'Rajneesh', 'Kumar', 'Gupta', 'Credit_Analyst'),
(99054, 'IFSC0010009', 'Kavita', 'Devi', 'Verma', 'Credit_Analyst'),
(99055, 'IFSC0010010', 'Prakash', 'Kumar', 'Sharma', 'Manager'),
(99056, 'IFSC0010010', 'Jyoti', 'Devi', 'Singh', 'Customer_Service_Representative'),
(99057, 'IFSC0010010', 'Rishi', 'Kumar', 'Patel', 'Loan_Officer'),
(99058, 'IFSC0010010', 'Priya', 'Kumari', 'Patel', 'Loan_Officer'),
(99059, 'IFSC0010010', 'Alok', 'Chandra', 'Gupta', 'Credit_Analyst'),
(99060, 'IFSC0010010', 'Sonia', 'Devi', 'Verma', 'Credit_Analyst'),
(99061, 'IFSC0010011', 'Amit', 'Kumar', 'Sharma', 'Manager'),
(99062, 'IFSC0010011', 'Sunita', 'Devi', 'Singh', 'Customer_Service_Representative'),
(99063, 'IFSC0010011', 'Vivek', 'Kumar', 'Yadav', 'Loan_Officer'),
(99064, 'IFSC0010011', 'Komal', 'Kumari', 'Patel', 'Loan_Officer'),
(99065, 'IFSC0010011', 'Kabir', 'Kumar', 'Patel', 'Credit_Analyst'),
(99066, 'IFSC0010011', 'Preeti', 'Devi', 'Verma', 'Credit_Analyst'),
(99067, 'IFSC0010012', 'Suresh', 'Kumar', 'Sharma', 'Manager'),
(99068, 'IFSC0010012', 'Aarti', 'Devi', 'Singh', 'Customer_Service_Representative'),
(99069, 'IFSC0010012', 'Rakesh', 'Kumar', 'Yadav', 'Loan_Officer'),
(99070, 'IFSC0010012', 'Nisha', 'Rani', 'Patel', 'Loan_Officer'),
(99071, 'IFSC0010012', 'Rajesh', 'Chandra', 'Gupta', 'Credit_Analyst'),
(99072, 'IFSC0010012', 'Kamla', 'Devi', 'Verma', 'Credit_Analyst'),
(99073, 'IFSC0010013', 'Vijay', 'Kumar', 'Sharma', 'Manager'),
(99074, 'IFSC0010013', 'Neeta', 'Devi', 'Singh', 'Customer_Service_Representative'),
(99075, 'IFSC0010013', 'Rajeev', 'Kumar', 'Yadav', 'Loan_Officer'),
(99076, 'IFSC0010013', 'Pooja', 'Rani', 'Patel', 'Loan_Officer'),
(99077, 'IFSC0010013', 'Amit', 'Chandra', 'Gupta', 'Credit_Analyst'),
(99078, 'IFSC0010013', 'Sarita', 'Devi', 'Verma', 'Credit_Analyst');



-- Insertion Data for Loan
INSERT INTO Loan (Loan_ID, Account_number, Employee_ID, Loan_Type, Loan_Amount, Interest_Rate, Debt, Duration, Loan_Approval_Date, Loan_Approval_Status) VALUES
(77001, 787901013, 99003, 'Education_Loan', 480000.00, 10.00, 458000.00, 24, '2023-12-01', 'Approved'),
(77002, 787901021, 99010, 'Home_Loan', 2400000.00, 08.00, 0.00, 12, '2020-05-01', 'Approved'),
(77003, 787901014, 99015, 'Personal_Loan', 500000.00, 10.00, 550000.00, 36, '2013-04-01', 'Approved'),
(77004, 787901020, 99022, 'Gold_Loan', 200000.00, 09.25, 200000.00, 12, '2023-11-01', 'Approved'),
(77005, 787901055, 99027, 'Loan_Against_Property', 4800000.00, 10.00, 0.00, 12, '2018-03-01', 'Approved'),
(77006, 787901113, 99034, 'Vehicle_Loan', 200000.00, 08.50, 193000.00, 18, '2024-02-01', 'Approved'),
(77007, 787901049, 99039, 'Medical_Loan', 200000.00, 10.00, 220000.00, 24, '2014-01-01', 'Approved'),
(77008, 787901077, 99046, 'Education_Loan', 720000.00, 12.00, 0.00, 12, '2015-07-01', 'Approved'),
(77009, 787901120, 99051, 'Medical_Loan', 400000.00, 11.00, 407000.00, 12, '2024-03-01', 'Approved'),
(77010, 787901072, 99058, 'Vehicle_Loan', 100000.00, 08.00, 108000.00, 12, '2016-05-01', 'Approved'),
(77011, 787901126, 99063, 'Home_Loan', 1500000.00, 08.50, NULL, NULL, NULL, 'Under_Review'),
(77012, 787901149, 99070, 'Business_Loan', 3000000.00, 11.00, NULL, NULL, NULL, 'Under_Review'),
(77013, 787901123, 99075, 'Personal_Loan', 700000.00, 10.25, NULL, NULL, NULL, 'Not_Approved'),
(77014, 787901110, 99004, 'Home_Loan', 2500000.00, 08.25, NULL, NULL, NULL, 'Not_Approved'),
(77015, 787901042, 99028, 'Loan_Against_Property', 4000000.00, 10.25, NULL, NULL, NULL, 'Under_Review'),
(77016, 787901065, 99045, 'Personal_Loan', 600000.00, 10.00, NULL, NULL, NULL, 'Under_Review'),
(77017, 787901138, 99076, 'Gold_Loan', 250000.00, 09.00, NULL, NULL, NULL, 'Not_Approved');



-- Insertion Data for Loan_Repayment
INSERT INTO Loan_Repayment (Loan_ID, Installment_Date, Payment_Date, Amount_Paid, Status) VALUES
(77003, '2013-05-01', NULL, 0.00, 'NOT_PAID'),
(77007, '2014-02-01', NULL, 0.00, 'NOT_PAID'),
(77010, '2016-06-01', NULL, 0.00, 'NOT_PAID'),
(77001, '2024-01-01', '2024-01-06', 22000.00, 'PAID_LATE'),
(77001, '2024-02-01', NULL, 0.00, 'NOT_PAID'),
(77004, '2023-12-01', '2023-11-30', 18500.00, 'PAID_ON_TIME'),
(77004, '2024-01-01', NULL, 0.00, 'NOT_PAID'),
(77006, '2024-03-01', '2024-03-01', 12000.00, 'PAID_ON_TIME'),
(77006, '2024-04-01', '2024-04-01', 12000.00, 'PAID_ON_TIME'),
(77006, '2024-05-01', NULL, 0.00, 'NOT_PAID'),
(77009, '2024-04-01', '2024-04-08', 37000.00, 'PAID_LATE'),
(77009, '2024-05-01', NULL, 0.00, 'NOT_PAID'),
(77002, '2020-06-01', '2020-06-01', 216000.00, 'PAID_ON_TIME'),
(77002, '2020-07-01', '2020-07-01', 216000.00, 'PAID_ON_TIME'),
(77002, '2020-08-01', '2020-08-01', 216000.00, 'PAID_ON_TIME'),
(77002, '2020-09-01', '2020-09-01', 216000.00, 'PAID_ON_TIME'),
(77002, '2020-10-01', '2020-10-01', 216000.00, 'PAID_ON_TIME'),
(77002, '2020-11-01', '2020-11-01', 216000.00, 'PAID_ON_TIME'),
(77002, '2020-12-01', '2020-12-01', 216000.00, 'PAID_ON_TIME'),
(77002, '2021-01-01', '2021-01-01', 216000.00, 'PAID_ON_TIME'),
(77002, '2021-02-01', '2021-02-01', 216000.00, 'PAID_ON_TIME'),
(77002, '2021-03-01', '2021-03-01', 216000.00, 'PAID_ON_TIME'),
(77002, '2021-04-01', '2021-04-01', 216000.00, 'PAID_ON_TIME'),
(77002, '2021-05-01', '2021-05-01', 216000.00, 'PAID_ON_TIME'),
(77005, '2018-04-01', '2018-04-01', 440000.00, 'PAID_ON_TIME'),
(77005, '2018-05-01', '2018-05-01', 440000.00, 'PAID_ON_TIME'),
(77005, '2018-06-01', '2018-06-01', 440000.00, 'PAID_ON_TIME'),
(77005, '2018-07-01', '2018-07-01', 440000.00, 'PAID_ON_TIME'),
(77005, '2018-08-01', '2018-08-04', 440000.00, 'PAID_LATE'),
(77005, '2018-09-01', '2018-09-01', 440000.00, 'PAID_ON_TIME'),
(77005, '2018-10-01', '2018-10-01', 440000.00, 'PAID_ON_TIME'),
(77005, '2018-11-01', '2018-11-01', 440000.00, 'PAID_ON_TIME'),
(77005, '2018-12-01', '2018-12-05', 440000.00, 'PAID_LATE'),
(77005, '2019-01-01', '2019-01-01', 440000.00, 'PAID_ON_TIME'),
(77005, '2019-02-01', '2019-01-28', 440000.00, 'PAID_ON_TIME'),
(77005, '2019-03-01', '2019-03-01', 440000.00, 'PAID_ON_TIME'),
(77008, '2015-08-01', '2015-08-04', 67200.00, 'PAID_LATE'),
(77008, '2015-09-01', '2015-09-01', 67200.00, 'PAID_ON_TIME'),
(77008, '2015-10-01', '2015-10-01', 67200.00, 'PAID_ON_TIME'),
(77008, '2015-11-01', '2015-11-01', 67200.00, 'PAID_ON_TIME'),
(77008, '2015-12-01', '2015-12-01', 67200.00, 'PAID_ON_TIME'),
(77008, '2016-01-01', '2016-01-01', 67200.00, 'PAID_ON_TIME'),
(77008, '2016-02-01', '2016-02-03', 67200.00, 'PAID_LATE'),
(77008, '2016-03-01', '2016-03-01', 67200.00, 'PAID_ON_TIME'),
(77008, '2016-04-01', '2016-04-01', 67200.00, 'PAID_ON_TIME'),
(77008, '2016-05-01', '2016-05-01', 67200.00, 'PAID_ON_TIME'),
(77008, '2016-06-01', '2016-06-06', 67200.00, 'PAID_LATE'),
(77008, '2016-07-01', '2016-07-01', 67200.00, 'PAID_ON_TIME');



-- Insertion Data for Credit_Card
INSERT INTO Credit_Card(Card_ID, Account_Number, Employee_ID, Credit_Limit, Fine_Rate, Card_Approval_Status) VALUES
(22001, 787901017, 99005, 500000.00, 20.00, 'Approved'),
(22002, 787901021, 99012, 400000.00, 25.00, 'Approved'),
(22003, 787901009, 99017, 150000.00, 18.00, 'Approved'),
(22004, 787901133, 99024, 200000.00, 15.00, 'Approved'),
(22005, 787901055, 99029, 1000000.00, 15.00, 'Approved'),
(22006, 787901135, 99036, 700000.00, 21.00, 'Approved'),
(22007, 787901111, 99041, 250000.00, 25.00, 'Approved'),
(22008, 787901057, 99048, NULL, NULL, 'Not_Approved'),
(22009, 787901074, 99053, NULL, NULL, 'Under_Review'),
(22010, 787901076, 99060, 1000000.00, 20.00, 'Approved'),
(22011, 787901089, 99065, NULL, NULL, 'Not_Approved'),
(22012, 787901092, 99072, NULL, NULL, 'Under_Review'),
(22013, 787901082, 99077, NULL, NULL, 'Not_Approved'),
(22014, 787901105, 99023, NULL, NULL, 'Under_Review'),
(22015, 787901058, 99054, NULL, NULL, 'Under_Review');



-- Insertion Data for Card_Transaction
INSERT INTO Card_Transaction(Card_Transaction_ID, Card_ID, Amount_Spent, Card_Transaction_Date, Card_Repayment_Status, Due_Date) VALUES
('CTRN010001', 22001, 90035.00, '2008-09-28', 'PAID_ON_TIME', '2008-10-28'),
('CTRN010002', 22004, 29041.00, '2017-04-12', 'PAID_ON_TIME', '2017-05-12'),
('CTRN010003', 22002, 63709.00, '2018-10-05', 'PAID_LATE', '2018-11-05'),
('CTRN010004', 22002, 84364.00, '2020-08-12', 'PAID_ON_TIME', '2020-09-12'),
('CTRN010005', 22002, 59663.00, '2018-07-16', 'PAID_ON_TIME', '2018-08-16'),
('CTRN010006', 22006, 60144.00, '2020-02-10', 'NOT_PAID', '2020-03-10'),
('CTRN010007', 22004, 13831.00, '2017-10-16', 'PAID_ON_TIME', '2017-11-16'),
('CTRN010008', 22007, 54863.00, '2020-07-26', 'PAID_ON_TIME', '2020-08-26'),
('CTRN010009', 22003, 13932.00, '2017-02-23', 'PAID_LATE', '2017-03-23'),
('CTRN010010', 22002, 77046.00, '2021-04-11', 'PAID_ON_TIME', '2021-05-11'),
('CTRN010011', 22005, 49853.00, '2017-02-13', 'PAID_ON_TIME', '2017-03-13'),
('CTRN010012', 22010, 45379.00, '2011-03-21', 'PAID_ON_TIME', '2011-04-21'),
('CTRN010013', 22010, 45616.00, '2018-02-06', 'PAID_ON_TIME', '2018-03-06'),
('CTRN010014', 22005, 83039.00, '2020-01-27', 'PAID_ON_TIME', '2020-02-27'),
('CTRN010015', 22001, 45946.00, '2016-09-11', 'PAID_ON_TIME', '2016-10-11'),
('CTRN010016', 22006, 17881.00, '2024-04-13', 'NOT_PAID', '2024-05-13'),
('CTRN010017', 22007, 93994.00, '2020-04-23', 'PAID_ON_TIME', '2020-05-23'),
('CTRN010018', 22002, 96119.00, '2018-11-15', 'PAID_ON_TIME', '2018-12-15'),
('CTRN010019', 22002, 30853.00, '2018-01-02', 'PAID_LATE', '2018-02-02'),
('CTRN010020', 22002, 54316.00, '2018-06-25', 'PAID_ON_TIME', '2018-07-25'),
('CTRN010021', 22005, 19977.00, '2017-08-17', 'PAID_ON_TIME', '2017-09-17'),
('CTRN010022', 22004, 69605.00, '2017-07-15', 'PAID_ON_TIME', '2017-08-15'),
('CTRN010023', 22001, 99619.00, '2016-12-13', 'PAID_LATE', '2017-01-13'),
('CTRN010024', 22004, 27051.00, '2017-03-13', 'PAID_ON_TIME', '2017-04-13'),
('CTRN010025', 22006, 17876.00, '2024-04-10', 'NOT_PAID', '2024-05-10');